{
    "name": "ore-ganizer",
    "version": "0.9.13",
    "title": "Ore-ganizer",
    "author": "0n0w1c",
    "description": "Take control of your resources",
    "factorio_version": "2.0",
    "dependencies": [
        "base >= 2.0.58",
        "? space-age",
        "? aai-industry",
        "? bobmining",
        "? bobores",
        "? bztitanium",
        "? EverythingOnNauvis",
        "? factorissimo-2-notnotmelon",
        "? OmegaDrill",
        "? Spaghetorio",
        "? cargo-ships",
        "? Subsurface",
        "? Krastorio2",
        "? Krastorio2-spaced-out",
        "? water-pumpjack",
        "! Cursed-FMD",
        "! pypostprocessing",
        "! pyrawores",
        "! factorio-admin-command-center"
    ]
}
